{"cameraMode":{"drawMode":0,"name":"Shaded","section":"Shading Mode"},"sceneLighting":true,"audioPlay":false,"sceneViewState":{"showFog":true,"showMaterialUpdate":false,"showSkybox":true,"showFlares":true,"showImageEffects":true,"showParticleSystems":true},"in2DMode":false,"pivot":{"x":449.955810546875,"y":-47.472633361816409,"z":92.71978759765625},"rotation":{"x":0.0499858483672142,"y":0.6345287561416626,"z":-0.04118143022060394,"w":0.7701810002326965},"size":578.9930419921875,"orthographic":false}